Link,Title,Location,Salary,Summary
https://kr.indeed.com/viewjob?jk=5f5d6f9fab4fda7e,"Sales Manager, Genetic Sciences & Clinical NGS Division (GSD...",Thermo Fisher - APAC 3.5 서울,,team leadership. Take lead to develop creative long-term and short-term sales strategies. Demonstrate strong analytical...
https://kr.indeed.com/viewjob?jk=a1737de7f84e8451,Sales Manager,Euromonitor 서울,,consultative selling through in-depth contact over the long term with multiple contacts within target organisations...
https://kr.indeed.com/viewjob?jk=5df34b9a5d61397d,HR Director,Thermo Fisher - APAC 3.5 서울,,retaining the top talent required for short and long-term business success. Responsibilities: Serve as HR Business Partner...
https://kr.indeed.com/viewjob?jk=fd2302f793a07343,Technical & Solution Sales Support (Core...,Ericsson 서울,,Support Key Account Managers in generating short and long-term profitable business for Ericsson by working closely as CSR...
https://kr.indeed.com/viewjob?jk=de12dc80010f78bf,RA Manager-Korea,Advanced Sterilization Products 대한민국,,support business growth: 1.Leads a team to set up short-term and long-term regulatory strategy and efficiently implements...
https://kr.indeed.com/viewjob?jk=9934a8a6e34d2b50,Senior Accountant,Hermès 서울,,monthly basis Cash investment - Review cash status and place term deposit to bank and follow-up maturity transactions Booking...
https://kr.indeed.com/viewjob?jk=7086f3830699fc5b,Consumer Reseller Online Account Executi...,Apple 서울,,"key accounts and online sites to achieve short and long term goals - Negotiate and plan sales programs, work with partners..."
https://kr.indeed.com/viewjob?jk=fa4c3f2053569bae,TensorFlow Technical Program Manager,Google 4.3 서울,,"Define all workstreams and engineering work, including longer-term research initiatives for APAC. Establish communication..."
https://kr.indeed.com/viewjob?jk=36c52658f1c4e7fb,Sales Representative in Jeollabukdo,"Agilent Technologies, Inc. 대한민국",,maintaining... satisfaction. Maintains positive ongoing long-term relationships with key customers. * Proactively acts...
https://kr.indeed.com/viewjob?jk=b1e587496e0468cc,재무팀 Regional Treasurer 경력사원 모집,에이치비피오아시아 서울 역삼동,,monthly basis -Planning and budgeting for long term and short term basis -Strong controlling of company with cost...
https://kr.indeed.com/viewjob?jk=7f696e216b35ff47,[Ralph Lauren Korea] E-Commerce Mgr,Ralph Lauren 서울,,Operate with honesty and integrity fostering quality long-term relationships between our external stakeholders and our...
https://kr.indeed.com/viewjob?jk=19ec0e2fc12486ff,TPE Specialist,Korean Chemical Company 대한민국,,time position. Only consultation... asked. The contract term... 1 year. Candidates... only asked to stay...
https://kr.indeed.com/viewjob?jk=dcd9fc12df1797a2,"Paid Media/Acquisition Lead, Korea",lululemon athletica 서울,,"love... hands... ability to think strategic/long-term, but also roll-up your sleeves and get s*** done. ?? Most..."
https://kr.indeed.com/viewjob?jk=539a8681296a45d7,"Partner Development Manager, Google Clou...",Google 4.3 서울,,"partner recruitment activities to create and maintain a long-term, scalable channel model. Develop and maintain business..."
https://kr.indeed.com/viewjob?jk=1f3822fb621e26f7,Intern - Science and Technology,United Nations ESCAP 인천,,commission of any... acts. The term “sexual exploitation” means any actual... conditions. The term “sexual harassment...
https://kr.indeed.com/viewjob?jk=87f90b95b58c8a18,General Engineer,US Department of the Army 4.3 대한민국,,last 30 SEP 2022. A term position may... position... Term position scheduled to 30 Sep 2022. A term position may...
https://kr.indeed.com/viewjob?jk=8a76d228b1930cde,VTC Coordinator,JANUS Research Group 경기도 평택,,Program 10 Paid Holidays Paid Time Off (PTO) Short-Term and Long-Term Disability Basic and Voluntary Life Insurance Education...
https://kr.indeed.com/viewjob?jk=0df992fec822e8a7,KR_HP_Medical_Non Intervetional Study Sp...,Boehringer Ingelheim 4.1 대한민국,,"humans and animals... family owned company, we focus on long term performance. We are powered by 50,000 employees globally..."
https://kr.indeed.com/viewjob?jk=131b873b7f7269b4,Selling Partner Support Associate,Amazon Services Korea LLC 서울,,Position Description: Global Seller Support Associate (Fixed-term... Seller Support Associate acts... primary...
https://kr.indeed.com/viewjob?jk=c11c62bdb84c85ff,"S.Korea_HP_Medical Science Liaison, Meta...",Boehringer Ingelheim 4.1 대한민국,,"humans and animals... family owned company, we focus on long term performance. We are powered by 50,000 employees globally..."
https://kr.indeed.com/viewjob?jk=4c86ea010597b619,"Consultant - Digital, Insurance",McKinsey & Company 4.3 서울,,leading role... project teams... short to medium term. You will also play a key role in our internal initiatives...
https://kr.indeed.com/viewjob?jk=b340d47c313e7bce,Consultant - McKinsey Implementation,McKinsey & Company 4.3 서울,,recommendations... role your primary long-term projects... closely related to our traditional projects...
https://kr.indeed.com/viewjob?jk=efab6d4feed3e772,Marketing Specialist (수시모집 인재풀 등록),3M 4.0 서울,,analytical skills to analyze trends or marketing data. Uses short-term planning skills when forecasting or providing guidance...
https://kr.indeed.com/viewjob?jk=1117329dce02eb44,"Director, Consumer Sales",Harman International 서울,,"mid-long term strategy and business... management, Successful NPI, Short term and mid-long term product planning, Product..."
https://kr.indeed.com/viewjob?jk=edbecfc20b56b752,Work with Aclipse to Teach,Aclipse 4.7 대한민국,,feel prepared and confident prior the start... term. Chungdahm also provides teachers... clear and organized...
https://kr.indeed.com/viewjob?jk=130db32b49170a56,Associate (2020 Intake),AlphaSights Ltd. 서울,,getting... aware of how AlphaSights fits with your longer term goals Commercially driven – desire to develop sales...
https://kr.indeed.com/viewjob?jk=f24ad32e3892b97f,Business Development Manager,H.B. Fuller 서울,,"market trends, uncovering unmet needs, building short & long term business plans... leading the execution... business..."
https://kr.indeed.com/viewjob?jk=8bbcf73ff6227dec,KR_HP_Giotrif Product Manager,Boehringer Ingelheim 4.1 대한민국,,"Outlook and long-term forecast process... family owned company, we focus on long term performance. We are powered by 50,000..."
https://kr.indeed.com/viewjob?jk=312c629a991d4de6,HRBP - Corporate Functions,Coupang 3.0 서울,,"processes and systems. * Build and develop innovative, long-term employee programs. * Manage daily HR operations as needed..."
https://kr.indeed.com/viewjob?jk=29886255b7021d9c,"Manager, Integration",Matrix Service Company 대한민국,,reports to management at established intervals. Ensure long-term integration goals are established and consistent interaction...
https://kr.indeed.com/viewjob?jk=982ce3c6395ce76b,Research Commercial Controller - South K...,Merck KGaA 서울,,forecasts and reports. Responsible for annual and longer-term budgets. Manage multiple profit or cost centers. Analyzing...
https://kr.indeed.com/viewjob?jk=a49794359bd632d7,Regional Licensing Manager,"GTC Technology US, LLC 서울",,"new business for Sulzer GTC technology sales, building long-term customer relationships, providing technical solutions..."
https://kr.indeed.com/viewjob?jk=df6c46b5370711fa,"Manager, Integration",Matrix PDM Engineering 대한민국,,reports to management at established intervals. Ensure long-term integration goals are established and consistent interaction...
https://kr.indeed.com/viewjob?jk=14776ba4c748cf8d,Account Executive,Dynatrace 서울,,Dynatrace team. Manage the balance between short-term gain and long-term growth for all opportunities and initiatives...
https://kr.indeed.com/viewjob?jk=fd931859616e5a6d,Knowledge Analyst - RTS,McKinsey & Company 4.3 서울,,"clients, solve real life complex problems and deliver long term sustainable impact. You’ll work across all various phases..."
https://kr.indeed.com/viewjob?jk=add19cdd119cf678,In-Country Sales Executive - Korea,Eurocentres 대한민국,,discussions and contract negotiations Develop long-term strategic relationships with key agents Responsible to develop...
https://kr.indeed.com/viewjob?jk=4083c6f96deb776c,제빵 기계 및 설비 제조업체 영업직(Sales Manager),유한회사 노박앤드파트너 경기도,,implement appropriate short/long-term sales strategies... geared toward... productive long-term relationships...
https://kr.indeed.com/viewjob?jk=0c4d61fbef6d8b66,KR_HP_Giotrif Associate Product Manager,Boehringer Ingelheim 4.1 대한민국,,"Outlook and long-term forecast process... family owned company, we focus on long term performance. We are powered by 50,000..."
https://kr.indeed.com/viewjob?jk=e4266c56b15deed9,Area Manager (Bilingual),"International Dairy Queen, Inc. 서울",,assistance to assigned franchisees to achieve short and long-term Company and Operations objectives. Utilize knowledge...
https://kr.indeed.com/viewjob?jk=219fd17ef703b320,Associate (2020 Intake),AlphaSights 서울,,getting... aware of how AlphaSights fits with your longer term goals * Commercially driven – desire to develop sales...
https://kr.indeed.com/viewjob?jk=a8fb36edd48e2246,Technician (Contractor),CSA Group 서울,,Employment Status: Temporary (Fixed Term) Time Type: Full time BUILDING A WORLD CLASS TEAM STARTS WITH YOU... heart...
https://kr.indeed.com/viewjob?jk=c1725082c289adab,Territory Manager,Thomson Reuters 서울,,"strong, long-term customer relationships... business advisor to promote long term relationships... client and drives..."
https://kr.indeed.com/viewjob?jk=ee0da2a17649ab2b,"[해외취업] 미국, Koowill, 기획 및 마케팅 사무원",Koowill Inc. 대한민국,,"marketing efforts help us achieve our immediate and long-term business goals. And also interpreter, who will cover duties..."
https://kr.indeed.com/viewjob?jk=633ce21ad3b79e31,Strategic Planning Manager,Unity Technologies 서울,,competitive research to get analysis for short term and long term strategic planning of existing business or new business...
https://kr.indeed.com/viewjob?jk=c7cabce66eb97b91,자동차 애프터마켓 Sales Manager,허브커리어 서울 강남구,,"target. - Manage profitability through pricing, payment term, and product mix. - Manage channel by adding, terminating..."
https://kr.indeed.com/viewjob?jk=97c64bdcd8383421,KERING Treasury Accountant,Groupe Kering 서울,,communicate with people at all levels. Job Type Fixed Term (Fixed Term) Start Date 2019-12-16 Schedule Full time...
https://kr.indeed.com/viewjob?jk=b7a8e50dde5906bd,Technical Sales Representative,Rotho Blaas Srl 서울 +1 지역,,development in new areas * Market analysis for long term establishment... area YOUR PROFILE: * Some experience...
https://kr.indeed.com/viewjob?jk=e93a343f3aee0a33,Finance Project Consultant (Contractor),Burberry 서울,,mindset is core to our business and key to our long-term success. JOB PURPOSE This position... support local FP&A team...
https://kr.indeed.com/viewjob?jk=32d42166caac5457,Area Sales Manager,Regus 서울,,consultant who can generate and grow valuable long term client partnerships Excellent team player and communicator...
https://kr.indeed.com/viewjob?jk=99bd752a01e818d2,Intern - Environment Affairs,United Nations ESCAP 인천,,commission of any... acts. The term “sexual exploitation” means any actual... conditions. The term “sexual harassment...
https://kr.indeed.com/viewjob?jk=40b82c0057ced6f2,[Talent Pool] Retail Standard & Operatio...,Burberry 서울,,"mindset is core to our business and key to our long-term success. JOB PURPOSE RESPONSIBILITIES Supervise, implement..."
https://kr.indeed.com/viewjob?jk=defa619f4758b10b,Oncology MR (Busan),AstraZeneca 부산광역시,,needs and external environment. Typically establish long-term relationships with key customers. Typical Accountabilities...
https://kr.indeed.com/viewjob?jk=95487b9c3cb35f7d,Application Specialist,Elekta 경기도 성남,,"Conferences (as required), to maximize Users perceptions of long-term continuity and reliability of Elekta Maintain knowledge..."
https://kr.indeed.com/viewjob?jk=5df34b9a5d61397d,HR Director,Thermo Fisher - APAC 3.5 서울,,retaining the top talent required for short and long-term business success. Responsibilities: Serve as HR Business Partner...
https://kr.indeed.com/viewjob?jk=954fe43ebe9a4f5d,"Research Scientist, Chemistry (Ph.D. or...",Seoul Asan Medical Center 서울,,begins... continue working legally... proposed term of employment. The appointment... one year and may...
https://kr.indeed.com/viewjob?jk=5e8988a4e3b25313,INTERN - ENVIRONMENT AFFAIRS [Temporary],United Nations 인천,,commission of any... acts. The term “sexual exploitation” means any actual... conditions. The term “sexual harassment...
https://kr.indeed.com/viewjob?jk=0f7cbb5f2936eb56,"Services Engagement Manager, R&D Service...",Veeva Systems 서울,,need and set expectations correctly... focus on long-term success Position other Veeva Service offers (e.g. Support...
https://kr.indeed.com/viewjob?jk=5df34b9a5d61397d,HR Director,Thermo Fisher - APAC 3.5 서울,,retaining the top talent required for short and long-term business success. Responsibilities: Serve as HR Business Partner...
https://kr.indeed.com/viewjob?jk=a6322085c9b20b63,Head of Greenfield,Amazon Web Services Korea LLC 서울,,immediate issues our clients are facing but also... long term business needs... result we’re looking for someone who...
https://kr.indeed.com/viewjob?jk=ed283a91d9c4443a,"Data Center Field Engineer, Seoul",Equinix 서울,,you are looking to join a company that can offer long term career opportunities on a global scale backed by a positive...
https://kr.indeed.com/viewjob?jk=41f04ba8575333b8,Account Manager single count,RELX Group 대한민국,,colleagues to share market dynamics and set short/mid/long term strategics • Make documentation for new and renewal...
https://kr.indeed.com/viewjob?jk=5f5d6f9fab4fda7e,"Sales Manager, Genetic Sciences & Clinical NGS Division (GSD...",Thermo Fisher - APAC 3.5 서울,,team leadership. Take lead to develop creative long-term and short-term sales strategies. Demonstrate strong analytical...
https://kr.indeed.com/viewjob?jk=ee98f947cf065527,KR_HP_Medical_Non Interventional Study S...,Boehringer Ingelheim 4.1 대한민국,,"humans and animals... family owned company, we focus on long term performance. We are powered by 50,000 employees globally..."
https://kr.indeed.com/viewjob?jk=8a400e7dece238a4,[IBM Korea]Security Services - SOC Manag...,IBM 3.9 서울,,"apparent security breaches •Play a significant role in long-term SOC strategy and planning, including initiatives geared..."
https://kr.indeed.com/viewjob?jk=861ea66900d96ce0,Assistant Learning & Development Manager,Four Seasons 서울,,"improvement programs, and initiatives to best achieve long-term business success. Promotes a continuous learning culture..."
https://kr.indeed.com/viewjob?jk=058eb7d73ad284f6,"NSX Account Executive, Korea",Dell 4.0 서울,,"building a community where great people want to work long term by living our values of passion, innovation, execution..."
https://kr.indeed.com/viewjob?jk=054fb77e01bc6521,"Field Sales Manager, Google Cloud",Google 4.3 서울,,"maintain executive relationships with customers, consult long-term strategic direction and act as a trusted advisor. Build..."
https://kr.indeed.com/viewjob?jk=60a00e82c407db49,KR_HP_Respiratory Product Manager,Boehringer Ingelheim 4.1 대한민국,,"Outlook and long-term forecast process... family owned company, we focus on long term performance. We are powered by 50,000..."
https://kr.indeed.com/viewjob?jk=8f185c37a8b48fdb,Head of Commercial FSI,Amazon Web Services Korea LLC 서울,,day interactions with prospects in order to build long-term business opportunity. You’ll also work closely... product...
https://kr.indeed.com/viewjob?jk=9341658258ed7536,ISV Success Manager,Amazon Web Services Korea LLC 서울,,"Sell... GTM activities and create/ maintain a long-term, scalable joint GTM model that drives partner and customer..."
https://kr.indeed.com/viewjob?jk=8bed4c9202b9bef2,Consumer Marketing Manager (OHC),Philips 4.0 서울,,Responsibilities] 1. Manage business Develop long-term and short-term business objective and strategy in line with global...
https://kr.indeed.com/viewjob?jk=659cdf356c29bda6,프로젝트 컨설턴트,휴먼디지털 서울,,"client project. • Direct the execution and delivery of client term sheets, licenses, and projects as needed. • Brainstorm..."
https://kr.indeed.com/viewjob?jk=4468ed23fa18b193,VRM ‏ (vehicle repair and maintenance) S...,Henkel AG 서울,,"target. Manage profitability through pricing, payment term, and product mix. Manage channel by adding, terminating..."
https://kr.indeed.com/viewjob?jk=77b88b8000db701a,CS Marketing_Parts Pricing (Temp),Daimler 서울,,Manage parts price data for OP planning... mid-/long-term business growth. 1-3) Conduct various price researches to get...
https://kr.indeed.com/viewjob?jk=bce1ea3b19df3112,FPSO Construction Manager South Korea -...,Worley 3.9 대한민국,,"you to join us. The transition will take time, so... short-term you may see references to our heritage companies in your..."
https://kr.indeed.com/viewjob?jk=3c4160e9c901f95a,[한국화이자제약] (Sr.) OR/RWD Specialist,Pfizer 4.2 서울,,"strategy Understands Business Units (BUs)’ strategies, long-term Health & Value strategies and collects & provides relevant..."
https://kr.indeed.com/viewjob?jk=a5c2d94ffde08312,e-commerce Sales ‏ (Beauty Care),Henkel AG 서울,,"long & short-term strategies for overall... Contract & Job type: Full Time, Limited Term Contact information for application..."
https://kr.indeed.com/viewjob?jk=0301db576d535190,Enterprise Architect-South Korea,Huntington Ingalls Industries (HII-MDIS) 서울,,long-term strategic and operating plans to ensure... EA objectives are consistent... enterprise’s long-term...
https://kr.indeed.com/viewjob?jk=bd8dfcae7af684e4,Project Director,NextWave Partners 대한민국,,"overall long term objectives - including... review and negotiation of contracts and term sheets, which includes agreements..."
https://kr.indeed.com/viewjob?jk=e83536afec0b70ce,FSE Daegu,bioMerieux 대구,,"choosing to join an innovative company... long term vision, committed... service of public health and carried out..."
https://kr.indeed.com/viewjob?jk=4eaa3cf752e89ec7,Solutions Architect IV - AMAZON Web Serv...,Amazon Web Services Korea LLC 서울,,project programs that can achieve long-term outcomes in a scalable and sustainable... goals and long-term technical objectives...
https://kr.indeed.com/viewjob?jk=7a7191a059f13b29,"Manager, Digital Operations Manager",lululemon athletica 서울,,"love... hands... ability to think strategic/long-term, but also roll-up your sleeves and get s*** done. Most..."
https://kr.indeed.com/viewjob?jk=2a579f3367f703f5,Technical Support Engineer Seoul,IAR Systems 서울,,most important players... market will create long-term customer value... unique market position. Our Culture Equal...
https://kr.indeed.com/viewjob?jk=8e5ba82ba5ed04bc,Head of Sales North Asia,RELX Group 대한민국,,"defining, developing and delivering on short- and long-term commercial strategies to address key market opportunities..."
https://kr.indeed.com/viewjob?jk=0b47d02df0df9d1b,Research Commercial Controller - South K...,MERCK 서울,,forecasts and reports. Responsible for annual and longer-term budgets. Manage multiple profit or cost centers. Analyzing...
https://kr.indeed.com/viewjob?jk=1a6569e1e518b8e8,"Head of Startup Segment Sales, Korea",Amazon Web Services Korea LLC 서울,,pipeline. · Manage contract negotiations. · Develop long-term strategic relationships with key accounts. · Ensure customer...
https://kr.indeed.com/viewjob?jk=568dae016344ff1d,RISE Education Korea - Positions,Rise Korea 대한민국,,methods. New teachers will have opportunities to practice... teaching skills and gain confidence before starting the term.
https://kr.indeed.com/viewjob?jk=fa839fed02943ef7,"Technical Specialist, Professional Servi...",Google 4.3 서울,,customers attain... business goals while building long-term capabilities. Behind every advertising campaign at Google...
https://kr.indeed.com/viewjob?jk=b3dfea82ea438e8e,Storage Brand Sales Specialist,IBM 3.9 서울,,companies Consultative sales skill to generate short-term and long-term needs Knowledge on storage products - Flash storage...
https://kr.indeed.com/viewjob?jk=b79f3a9766b3dfae,"Director, Program management (Fresh Food...",Coupang 3.0 서울,,near and long-term business strategies... risk... ability to resolve long term problems. Preferred Qualifications...
https://kr.indeed.com/viewjob?jk=be9cafc81b8f2313,Medical Director,Roche 서울,,"across the organization Taking a long-term perspective to engage on strategic... affiliate long-term vision, · Ensure..."
https://kr.indeed.com/viewjob?jk=25e6afaf51b8ce7a,Account Manager,Bytedance 서울,,"Conduct regular business reviews and take a consultative, long-term approach to build productive relationships with clients..."
https://kr.indeed.com/viewjob?jk=7402942e265d5981,G&C Specialist,Diageo 4.0 대한민국,,Fixed-term Contract (7 months) OVERVIEW... fixed term temporary... Fixed Term Contract (Fixed Term) Primary...
https://kr.indeed.com/viewjob?jk=8721af41ec7d21b1,Senior Solution Sales Executive-ARIBA,SAP 4.3 서울,,"passionate about customer success, customer delight, and long-term customer relationships Outcome focused... role..."
https://kr.indeed.com/viewjob?jk=6678f1588c885238,[IBM Korea]Security Services - SOC Manag...,IBM 3.9 서울,,"apparent security breaches •Play a significant role in long-term SOC strategy and planning, including initiatives geared..."
https://kr.indeed.com/viewjob?jk=fd81935fb24a04db,HCI Sales Specialist,Hewlett Packard Enterprise 3.7 서울,,competitive attack account. Responsibilities: Develops long term sales pipeline to increase the company's market share...
https://kr.indeed.com/viewjob?jk=89a40df67719a854,Key Account Manager,Danfoss 서울,,key accounts focusing on Samsung and Hyundai by building long term strategic relationship Collaborate with business segments...
https://kr.indeed.com/viewjob?jk=31f2b33daad1b99c,Supervisory Environmental Protection Spe...,US Department of the Army 4.3 대한민국,,"accomplish projects; 4) and producing short-term and long term plans, policies and processes related to environmental..."
https://kr.indeed.com/viewjob?jk=582fc64da0ffdad1,KR_AH_CA Local Technical Manager (LTM),Boehringer Ingelheim 4.1 대한민국,,"humans and animals... family owned company, we focus on long term performance. We are powered by 50,000 employees globally..."
https://kr.indeed.com/viewjob?jk=32293bc9a2679c27,Financial Counselor SFL-TAP,YORKTOWN SYSTEMS GROUP INC 대한민국,,expenditures and recommendations for short- and long- term actions to achieve financial goals. Assist clients in managing...
https://kr.indeed.com/viewjob?jk=2f626c6537ac23b3,"Technical Solutions Architect, Service P...",Cisco Systems 4.1 서울,,while allowing local account team to maintain long-term ownership. In-depth industry knowledge... appropriate technology...
https://kr.indeed.com/viewjob?jk=6a4209c1a191cbad,INTERN - SCIENCE AND TECHNOLOGY [Tempora...,United Nations 인천,,commission of any... acts. The term “sexual exploitation” means any actual... conditions. The term “sexual harassment...
https://kr.indeed.com/viewjob?jk=42c8ada0748e9e03,Business Development (Coupang Eats),Coupang 3.0 서울,,external partners and vice versa * Design a short-term and long-term business development plan (quantitative and qualitative...
https://kr.indeed.com/viewjob?jk=5c6723a17ad467f6,Solutions Architect - Amazon Connect,Amazon Web Services Korea LLC 서울,,"multiple components, channels and vendors, managing long term commitments and very complex pricing models, and scaling based..."
https://kr.indeed.com/viewjob?jk=8f6b847e044ebc2a,Agency Partnership Manager,Bytedance 서울,,"intelligence, to provide wide and also deep report, for long term partnership business strategy.Cross Team Collaboration..."
https://kr.indeed.com/viewjob?jk=02315cdb071d18fd,"Program Manager, Business Operations - S...",Airbnb 서울,,discussions and present on country-level short and long term strategy. * Support South Korea team in planning and budget...
https://kr.indeed.com/viewjob?jk=5479a070c97598dd,"Client Service Manager, Securities Servi...",JPMorgan Chase & Co-PL 서울,,"client management, cultivate long term partnership to become trusted advisors... cultivate long term partnership with key..."
https://kr.indeed.com/viewjob?jk=58d70a5f7aecafd8,CIB - Investment Banking Origination Ass...,JP Morgan Chase 서울,,Open Position Short-term hire for Investment Banking Duration: 6 months contract About Investment Banking J.P. Morgan...
https://kr.indeed.com/viewjob?jk=91cd855fa9e6d97d,Korea Sales Manager,Lumentum Operations LLC 서울,,ensure the long-term success of our customers. You... responsible for developing the long-term relationships with your...
https://kr.indeed.com/viewjob?jk=ebef1ebf3a58f219,"Rep, Sales",Baxter International 3.9 서울,,"understanding... marketplace is maintained. Develop long term plans including segmentation of customer base, strategic..."
https://kr.indeed.com/viewjob?jk=8676e743601b89ea,Job Opening for Junior Program Officer,서울특별시 5.0 대한민국,,term may be extended based... results of an annual assessment... needs... organization... contract term...
https://kr.indeed.com/viewjob?jk=b4a8e5a55504f7e7,CIB Operations - Equity Ops - Profession...,JPMorgan Chase & Co-PL 서울,,Job Description About J.P. Morgan Chase & Co. J.P. Morgan is a leading global financial services firm with assets of $2.1...
https://kr.indeed.com/viewjob?jk=d2a5835bda4ccdea,CIB Operations - Equity Operations - Fix...,JPMorgan Chase & Co-PL 서울,,"Job Description Operations in Korea is supporting Cash Equity, Futures & Options, and Bond brokerage business from client..."
https://kr.indeed.com/viewjob?jk=c6b3ccd2978a7d4b,[3DEXCITE] Sales Representative,Dassault Systèmes 4.0 서울,,"Brand promises to get customer commitment on a long-term business transformation... Brand Sales Manager (COE), you..."
https://kr.indeed.com/viewjob?jk=bfa99f62d003aa69,MD Intern (6 months contract),Burberry 서울,,mindset is core to our business and key to our long-term success. JOB PURPOSE 6 months contracter (maternity cover...
https://kr.indeed.com/viewjob?jk=573fb5b4e4d7a326,Oceans Project (Junior) Officer,WWF-Korea 서울 종로구,,full time role under the fixed term contract. He/she will work as a member... l 1 year Fixed term (following 3 months...
https://kr.indeed.com/viewjob?jk=c9afa76f78a566e0,Deutsche Bank Corporate Bank: Corporate...,Deutsche Bank 서울,,"heavily in digital technologies, prioritizing long term success over short-term gains, and serving society with ambition..."
https://kr.indeed.com/viewjob?jk=558acaa721a1f945,DFSE Counterpart,Cummins Inc. 대한민국,,prioritize product issues... implement both short-term and long-term solutions. Leads the investigation of product...
https://kr.indeed.com/viewjob?jk=8ce7ee10d639f0d4,KERING AP Accountant,Groupe Kering 서울,,communicate with people at all levels. Job Type Fixed Term (Fixed Term) Start Date 2019-12-16 Schedule Full time...
https://kr.indeed.com/viewjob?jk=1eb7dff03412865f,HR executive (1 year fixed term),Swarovski 서울 청담동,,"Payroll / Benefits Administration & data analysis 1. Calculate payroll (Incentive, overtime, etc... execute payroll..."
https://kr.indeed.com/viewjob?jk=5df34b9a5d61397d,HR Director,Thermo Fisher - APAC 3.5 서울,,retaining the top talent required for short and long-term business success. Responsibilities: Serve as HR Business Partner...
https://kr.indeed.com/viewjob?jk=a95fa507e3c67411,GBS GTS TRAVEL EXPERT,ABB 4.0 서울,,"delivers the insights we need to make successful, long-term business decisions. Process for Global Travel Service..."
https://kr.indeed.com/viewjob?jk=a4aa6961fa6027f2,"Engagement Manager, gTech",Google 4.3 서울,,"customers attain... business goals while building long-term capabilities. As an Engagement Manager (EM), you'll help..."
https://kr.indeed.com/viewjob?jk=81e5d2d34881db8c,CIB Tech - People with Disabilities (PwD...,JP Morgan Chase 서울,,J.P. MORGAN Working... team committed to doing... best... being the best. Earning the trust of our clients...
https://kr.indeed.com/viewjob?jk=5f5d6f9fab4fda7e,"Sales Manager, Genetic Sciences & Clinical NGS Division (GSD...",Thermo Fisher - APAC 3.5 서울,,team leadership. Take lead to develop creative long-term and short-term sales strategies. Demonstrate strong analytical...
https://kr.indeed.com/viewjob?jk=b350146f789be998,Customer Service Rep,Sensata Technologies 경기도,,analyze short-term forecast and order... account feedback... relates to short term line loading. - Bachelor’s degree...
https://kr.indeed.com/viewjob?jk=ba95f473ed81f4ec,"Accelerated Growth Consultant, Google Cu...",Google 4.3 서울,,sustainable and long term strategies... develop a strategy for short to long-term sustained success. Communicate...
https://kr.indeed.com/viewjob?jk=693fc5958b8d1a66,"Education Operations Administrator, Kore...",Dell 4.0 서울,,"building a community where great people want to work long term by living our values of passion, innovation, execution..."
https://kr.indeed.com/viewjob?jk=19f76b151cf5a8ec,TRANSFORMATION STATIONING PROGRAM ANALYS...,US Department of the Army 4.3 대한민국,,filled as a term appointment NTE 2 Years... candidate... current permanent Army employee. Term appointments may...
https://kr.indeed.com/viewjob?jk=8b896a00ea11811c,Education Consultant / Office Assistant...,EduAbroad 서울,,students from around the world who choose to study on a long-term basis or participate in wide variety of camps... United...
https://kr.indeed.com/viewjob?jk=5cde5286f2b22e26,Senior Admin Assistant UN G5 직급,유엔난민기구 서울 을지로동,,Temporary Appointment (TA) prior... recruitment of Fixed Term Appointment (FTA) 4. Position Grade: General Service...
https://kr.indeed.com/viewjob?jk=564a3db8f0f4d823,Corporate English Trainer,SPEP 서울,,"SPEP Apgujeong Center, Seoul) · Short-term contract can be discussed (six month... Center, Seoul) · Short-term contract can..."
https://kr.indeed.com/viewjob?jk=9fa379cc102e9de7,Administrative Assistant (13-month fixed...,Wells Fargo 서울,,About Wells Fargo Wells Fargo & Company (NYSE: WFC... leading global financial services company... 2.0 trillion...
https://kr.indeed.com/viewjob?jk=4b12bb65f7c008bf,BUM-Acute,Baxter International 3.9 서울,,"Acute Business... achievement of short and long-term strategic business objectives, increase profit and market position..."
https://kr.indeed.com/viewjob?jk=c421c0da1d00445f,Office Administrator Seoul,IAR Systems 서울,,most important players... market will create long-term customer value... unique market position. Our Culture Equal...
https://kr.indeed.com/viewjob?jk=75a11a131ca8d9d8,Intern - Public Information,United Nations ESCAP 인천,,"short, medium and long term as well... commission of any... acts. The term “sexual exploitation” means any actual..."
https://kr.indeed.com/viewjob?jk=d004df2bc24b6e78,ESL Teaching Opportunities in South Kore...,ESL Nomad 서울,"연봉 40,000,000원",teaching skills and gain confidence before starting the term. Teaching hours: 9:20-6:20 Monday thru Friday (6 hrs/class...
https://kr.indeed.com/viewjob?jk=5d48fae76bd5bb9a,Conversational Speech,Teemwork.ai 대한민국,,"ai is looking for transcribers in Korean to participate in a short term (3-6 months), challenging project. Responsibilities..."
https://kr.indeed.com/viewjob?jk=757e29355ee110d8,Data & CRM Specialist,L'Oreal 4.1 서울,,relationship. - Implement CRM business plans to build long-term relationships with identified high-value consumers - Define...
https://kr.indeed.com/viewjob?jk=06178996e220d2ae,[Medical Devices] HEMA Supervisor (Healt...,Johnson & Johnson Family of Companies 4.2 서울,,he creates opportunities... long-term strategy under general supervision... 2) Develops a long-term HEMA strategy...
https://kr.indeed.com/viewjob?jk=7908bd983e6ad8b0,BALENCIAGA Sales Associate,Groupe Kering 서울 +1 지역,,지원 기재 내용이 허위로 판명될 경우 합격 및 입사 취소 Job Type Fixed Term (Fixed Term) Start Date 2020-01-25 Schedule Full time Organization...
https://kr.indeed.com/viewjob?jk=dcebf05f2c562839,[Talent Pool] Merchandiser,Burberry 서울,,mindset is core to our business and key to our long-term success. JOB PURPOSE To deliver the business plan in line...
https://kr.indeed.com/viewjob?jk=4ed9cc0712e47203,Korean Story Translators,Nyoi Bo 서울,,cater to English readers all over the world... long-term freelancing (work-from-home) position for suitable...
https://kr.indeed.com/viewjob?jk=cf1533b1bdc7373b,FPSO Marine Construction Superintendent...,Worley 3.9 대한민국,,"you to join us. The transition will take time, so... short-term you may see references to our heritage companies in your..."
https://kr.indeed.com/viewjob?jk=d4958c65282fbe51,Recruiter - AWS Korea,Amazon Web Services Korea LLC 서울,,"pay only for what they use... up-front expenses or long-term commitments, making AWS the most cost-effective, flexible..."
https://kr.indeed.com/viewjob?jk=a92f3338009fb4b6,Assistant Divisional Controller - Semi D...,Edwards Korea Ltd. 대한민국,,executive decision making. Participation in corporate short term and long terms business plans. Provision of financial data...
https://kr.indeed.com/viewjob?jk=9b091203d40fe50b,Treasury Specialist,ABB 4.0 서울,,"delivers the insights we need to make successful, long-term business decisions. Provide advice to internal customers..."
https://kr.indeed.com/viewjob?jk=24f710d296fbaca4,Sales Rep (T1),bioMerieux 서울,,"choosing to join an innovative company... long term vision, committed... service of public health and carried out..."
https://kr.indeed.com/viewjob?jk=ed178f72d9b56337,INTERN - PUBLIC INFORMATION [Temporary],United Nations 인천,,"short, medium and long term as well... commission of any... acts. The term “sexual exploitation” means any actual..."
https://kr.indeed.com/viewjob?jk=a3e3333adf58fe18,Earth Hour Junior Officer,WWF-Korea 서울 종로구,"월급 1,800,000원","executing Earth Hour 2020. Type of contract l Fixed term (from asap to 4/24/20) 근무 형태: 임시직, 계약직 급여: 1,800,000원 /월급 언어..."
https://kr.indeed.com/viewjob?jk=4386c27c77899753,"Channel Director, Special Trade",Energizer 서울,,"vision, and long-term objectives. Ensure... distributors or vendors to ensure long term partnership that promotes sales growth..."
https://kr.indeed.com/viewjob?jk=6f81ddd8dfac6d38,KERING HR & Administration Assistant,Groupe Kering 서울,,list Group-term life insurance update... required Job Type Fixed Term (Fixed Term) Start Date 2019-11-06 Schedule Full...
https://kr.indeed.com/viewjob?jk=6e62800deede703c,"3 Months Bank Contractor, Global Investm...",Bank of America 3.8 서울,,"Our Business Global Investment Banking focuses on building long-term relationships with more than 3,000 large corporations..."
https://kr.indeed.com/viewjob?jk=3cd853405c48784d,CIB - Sales and Marketing - DCM Sales –...,JPMorgan Chase & Co-PL 서울,,Job Description JPMorgan Chase & Co. (NYSE: JPM... leading global financial services firm with assets of $2.5 trillion...
https://kr.indeed.com/viewjob?jk=03fea60bbe67a2b5,Fulfilment Development & MCN Manager- IK...,Ikea 3.9 서울,,experience in securing the implementation of mid-term and long-term strategies and plans. You have knowledge in following...
https://kr.indeed.com/viewjob?jk=8240fc3406a03728,"3 Months Bank Contractor, Global Equitie...",Bank of America 3.8 서울,,"Our Business Global Investment Banking focuses on building long-term relationships with more than 3,000 large corporations..."
https://kr.indeed.com/viewjob?jk=a0f2e58d9c98bf7d,tbs eFM part time job opening announceme...,서울특별시 5.0 대한민국,,Openings Contract Term (Hours) Hiring... eFM radio broadcast programs... term of contract may be subject to renewal up...
https://kr.indeed.com/viewjob?jk=0289199ec7164426,Fulfilment Unit Operations Manager - IKE...,Ikea 3.9 서울,,securing implementation of mid-term and long-term strategies and plans and set... Short and mid-term capacities • Cost...
https://kr.indeed.com/viewjob?jk=099ec2d1a612c497,Indirect Sourcing Specialist,General Electric 4.0 서울,,targets. •Drive Cash improvement by extending payment term with suppliers •Performing detailed cost analysis of components...
https://kr.indeed.com/viewjob?jk=5f5d6f9fab4fda7e,"Sales Manager, Genetic Sciences & Clinical NGS Division (GSD...",Thermo Fisher - APAC 3.5 서울,,team leadership. Take lead to develop creative long-term and short-term sales strategies. Demonstrate strong analytical...
https://kr.indeed.com/viewjob?jk=97c64bdcd8383421,KERING Treasury Accountant,Groupe Kering 서울,,communicate with people at all levels. Job Type Fixed Term (Fixed Term) Start Date 2019-12-16 Schedule Full time...
https://kr.indeed.com/viewjob?jk=29886255b7021d9c,"Manager, Integration",Matrix Service Company 대한민국,,reports to management at established intervals. Ensure long-term integration goals are established and consistent interaction...
https://kr.indeed.com/viewjob?jk=e61f9fb723c705b2,Enterprise Business Development Manager...,Amazon Web Services Korea LLC 서울,,"Develop long-term strategic partnerships... new customers. · Able to generate long-term, mega opportunity generation with AM..."
https://kr.indeed.com/viewjob?jk=0b47d02df0df9d1b,Research Commercial Controller - South K...,MERCK 서울,,forecasts and reports. Responsible for annual and longer-term budgets. Manage multiple profit or cost centers. Analyzing...
https://kr.indeed.com/viewjob?jk=9795aa209bbdfe3b,"Business Development Manager, AWS Manage...",Amazon Web Services Korea LLC 서울,,demonstrated ability to think strategically and long-term about the needs of complex global businesses... business...
https://kr.indeed.com/viewjob?jk=5df34b9a5d61397d,HR Director,Thermo Fisher - APAC 3.5 서울,,retaining the top talent required for short and long-term business success. Responsibilities: Serve as HR Business Partner...
https://kr.indeed.com/viewjob?jk=4083c6f96deb776c,제빵 기계 및 설비 제조업체 영업직(Sales Manager),유한회사 노박앤드파트너 경기도,,implement appropriate short/long-term sales strategies... geared toward... productive long-term relationships...
https://kr.indeed.com/viewjob?jk=982ce3c6395ce76b,Research Commercial Controller - South K...,Merck KGaA 서울,,forecasts and reports. Responsible for annual and longer-term budgets. Manage multiple profit or cost centers. Analyzing...
https://kr.indeed.com/viewjob?jk=df6c46b5370711fa,"Manager, Integration",Matrix PDM Engineering 대한민국,,reports to management at established intervals. Ensure long-term integration goals are established and consistent interaction...
https://kr.indeed.com/viewjob?jk=8a400e7dece238a4,[IBM Korea]Security Services - SOC Manag...,IBM 3.9 서울,,"apparent security breaches •Play a significant role in long-term SOC strategy and planning, including initiatives geared..."
https://kr.indeed.com/viewjob?jk=7e77298b29ffdff1,SAP HCM (SuccessFactors) Project Manager,Presence of IT 서울,,"Japanese language. (written and verbal). Presence... seeks applicants interested in long-term, permanent opportunities."
https://kr.indeed.com/viewjob?jk=cf1533b1bdc7373b,FPSO Marine Construction Superintendent...,Worley 3.9 대한민국,,"you to join us. The transition will take time, so... short-term you may see references to our heritage companies in your..."
https://kr.indeed.com/viewjob?jk=b20be31cc9542d65,(Senior) Sales Development Specialist -...,Merck KGaA 서울,,solution selling to meet/exceed annual sales target. - Champion long term project planning activities through the leveraging...
https://kr.indeed.com/viewjob?jk=b183db9d88b80b9e,Development/Fundraising (Advisory Board...,Ignite Mental Health 서울,,call. Advisory Board term & time commitment Advisory Board Members serve a 6 month to 1 year term... eligible for re...
https://kr.indeed.com/viewjob?jk=0c4d61fbef6d8b66,KR_HP_Giotrif Associate Product Manager,Boehringer Ingelheim 4.1 대한민국,,"Outlook and long-term forecast process... family owned company, we focus on long term performance. We are powered by 50,000..."
https://kr.indeed.com/viewjob?jk=954fe43ebe9a4f5d,"Research Scientist, Chemistry (Ph.D. or...",Seoul Asan Medical Center 서울,,begins... continue working legally... proposed term of employment. The appointment... one year and may...
https://kr.indeed.com/viewjob?jk=33dde032b0ef996d,IT SPECIALIST (SYSADMIN),US Department of the Air Force 4.5 대한민국,,hired from CONUS Work will require frequent... long term CONUS or OCONUS travel away from the normal duty station...
https://kr.indeed.com/viewjob?jk=a92f3338009fb4b6,Assistant Divisional Controller - Semi D...,Edwards Korea Ltd. 대한민국,,executive decision making. Participation in corporate short term and long terms business plans. Provision of financial data...
https://kr.indeed.com/viewjob?jk=914282991bbc8af7,"Vice President, , External Relationship...",BlackRock 서울,,products and solutions according... needs Build short and mid-term business strategies... execution plans to grow...
https://kr.indeed.com/viewjob?jk=930122c5d8155fc3,License Compliance Executive,Autodesk 4.1 서울,,revenue expectation Strategically monitor and review long term goals... program and ensure campaigns are executed within...
https://kr.indeed.com/viewjob?jk=3cf9b07c5fcbe555,Head of International Programme Support,Concern Worldwide 대한민국,,"Contract: 2 year fixed term contract Job... IDP and SAL colleagues, develop a long-term strategic plan covering institutional..."
https://kr.indeed.com/viewjob?jk=96192a6756aba465,Media Business Development Manager - Ama...,Amazon Web Services Korea LLC 서울,,order to build long-term business... customers. · Contribute to develop long-term partnerships in support... AWS key...
https://kr.indeed.com/viewjob?jk=70c32efa3291f6d4,CS Marketing_Parts Pricing (Temp),Mercedes-Benz Korea Limited 4.1 서울,,Manage parts price data for OP planning... mid-/long-term business growth. 1-3) Conduct various price researches to get...
https://kr.indeed.com/viewjob?jk=5c4fdacbe365bcaa,Senior Clinical Territory Account Manage...,Illumina 서울,,long-term profitable customer accounts through relationship building sales techniques. Develop short and long term clinical...
https://kr.indeed.com/viewjob?jk=02315cdb071d18fd,"Program Manager, Business Operations - S...",Airbnb 서울,,discussions and present on country-level short and long term strategy. * Support South Korea team in planning and budget...
https://kr.indeed.com/viewjob?jk=c5c813a528b420f6,Sales Account Manager,Philips 4.0 서울,,"partners  Works... development... medium term policy for related sub discipline, and processes results into vision..."
https://kr.indeed.com/viewjob?jk=0301db576d535190,Enterprise Architect-South Korea,Huntington Ingalls Industries (HII-MDIS) 서울,,long-term strategic and operating plans to ensure... EA objectives are consistent... enterprise’s long-term...
https://kr.indeed.com/viewjob?jk=89a40df67719a854,Key Account Manager,Danfoss 서울,,key accounts focusing on Samsung and Hyundai by building long term strategic relationship Collaborate with business segments...
https://kr.indeed.com/viewjob?jk=71162525b0c86e88,Intern - Information Systems & Communica...,United Nations ESCAP 인천,,commission of any... acts. The term “sexual exploitation” means any actual... conditions. The term “sexual harassment...
https://kr.indeed.com/viewjob?jk=bce1ea3b19df3112,FPSO Construction Manager South Korea -...,Worley 3.9 대한민국,,"you to join us. The transition will take time, so... short-term you may see references to our heritage companies in your..."
https://kr.indeed.com/viewjob?jk=a210a5675bdfa6e5,Business Advisor/Mentor (Advisory Board)...,Ignite Mental Health 서울,,call. Advisory Board term & time commitment Advisory Board Members serve a 6 month to 1 year term... eligible for re...
https://kr.indeed.com/viewjob?jk=a0f9b794227f26b6,Systems Admin Team Lead,SAIC 서울,,"directs... activities, and evaluates... work. Ensures long-term requirements of systems operations and administration..."
https://kr.indeed.com/viewjob?jk=ace6899e8433859b,"Enterprise Account Executive, Connect",Amazon Web Services Korea LLC 서울,,"Develop long-term strategic relationships... channels and vendors, managing long term commitments and very complex pricing..."
https://kr.indeed.com/viewjob?jk=b0c2293e83c9f15a,Solutions Architect II - AWS Korea,Amazon Web Services Korea LLC 서울,,managers within your larger organization when discussing mid-term customer strategy and architectural best practices · We...
https://kr.indeed.com/viewjob?jk=f06e76e5466897ac,"GWS, Facilities Coordinator (사원~대리급)",CBRE Asia Pacific 서울,,"Fluent in English and desire to work... long-term • Knowledge of basic financial terms, concepts and accounting..."
https://kr.indeed.com/viewjob?jk=c8c1170d9223bb41,"Partner Enterprise Service Manager, AWS...",Amazon Web Services Korea LLC 서울,,develop a long term Professional Services... someone who is passionate about: · Long term development of Global Organizations...
https://kr.indeed.com/viewjob?jk=c16b7f873570820a,Certification Engineer,Vestas 서울,,"global culture, competitive compensation package and long-term career development. Choose us, choose a brilliant future..."
https://kr.indeed.com/viewjob?jk=131b873b7f7269b4,Selling Partner Support Associate,Amazon Services Korea LLC 서울,,Position Description: Global Seller Support Associate (Fixed-term... Seller Support Associate acts... primary...
https://kr.indeed.com/viewjob?jk=363862db8b0edc50,Sales Account Manager,Windsor Machine Group 서울,,The Sales Account Manager... responsible for developing long-term relationships with OEM... Tier 1 Automotive suppliers...
https://kr.indeed.com/viewjob?jk=8aa3a96712f64cc8,"Business Development Manager, FSI - Amaz...",Amazon Web Services Korea LLC 서울,,order to build long-term business... customers. · Contribute to develop long-term partnerships in support... AWS key...
https://kr.indeed.com/viewjob?jk=c70454722a6f629a,KR_HP_Medical Project Team Manager,Boehringer Ingelheim 4.1 대한민국,,"humans and animals... family owned company, we focus on long term performance. We are powered by 50,000 employees globally..."
https://kr.indeed.com/viewjob?jk=102e37391498b155,Regulatory Affairs Specialist,GSK 4.2 서울,,Excellence Meeting. 2. Establishment of short & long term detailed registration plan and follow up to meet the expected...
https://kr.indeed.com/viewjob?jk=06178996e220d2ae,[Medical Devices] HEMA Supervisor (Healt...,Johnson & Johnson Family of Companies 4.2 서울,,he creates opportunities... long-term strategy under general supervision... 2) Develops a long-term HEMA strategy...
https://kr.indeed.com/viewjob?jk=60a00e82c407db49,KR_HP_Respiratory Product Manager,Boehringer Ingelheim 4.1 대한민국,,"Outlook and long-term forecast process... family owned company, we focus on long term performance. We are powered by 50,000..."
https://kr.indeed.com/viewjob?jk=4f37f0771b03be96,"Medical Affairs Head, Seoul, Korea",Takeda Pharmaceuticals 서울,,"multiple responsibilities simultaneously, mixing long-term strategic planning... urgency of immediate demands..."
https://kr.indeed.com/viewjob?jk=f6cf4aa3581812e7,"BASES Client Development Lead, Korea",Nielsen 3.8 서울,,"does not have direct people responsibility... immediate term... senior member... team, the incumbent is expected..."
https://kr.indeed.com/viewjob?jk=3a1327b12f6cfd6f,반도체 Foundry Marketing,HRFOCUS 청주 흥덕구,"연봉 50,000,000원 - 70,000,000원","수행업무 ü Strategic planning & marketing plan (short, mid-long term) ü Performance matrix tracking (revenue, loading, margin..."
https://kr.indeed.com/viewjob?jk=0df992fec822e8a7,KR_HP_Medical_Non Intervetional Study Sp...,Boehringer Ingelheim 4.1 대한민국,,"humans and animals... family owned company, we focus on long term performance. We are powered by 50,000 employees globally..."
https://kr.indeed.com/viewjob?jk=6678f1588c885238,[IBM Korea]Security Services - SOC Manag...,IBM 3.9 서울,,"apparent security breaches •Play a significant role in long-term SOC strategy and planning, including initiatives geared..."
https://kr.indeed.com/viewjob?jk=76e0bf2282e3b861,외국계은행KYC담당자 채용,은행 서울 중구,,communication skill (speaking and writing) ? Job Type :?Fixed Term Job :?OPERATION PROCESSING Education Level:?Bachelor...
https://kr.indeed.com/viewjob?jk=e91a6e4e8e2982ad,C&A & Digital Direct Sales Representativ...,Electrolux 3.8 대한민국,,"development of them. Develop, build & maintain strong and long term relationship with digital customers. Close communication..."
https://kr.indeed.com/viewjob?jk=5f5d6f9fab4fda7e,"Sales Manager, Genetic Sciences & Clinical NGS Division (GSD...",Thermo Fisher - APAC 3.5 서울,,team leadership. Take lead to develop creative long-term and short-term sales strategies. Demonstrate strong analytical...
https://kr.indeed.com/viewjob?jk=eb7cdde2f9272a6e,Account Manager (South Korea),EMX 서울,,proactive Account Manager to acquire and develop long-term relationships with clients and customers in South Korea...
https://kr.indeed.com/viewjob?jk=96192a6756aba465,Media Business Development Manager - Ama...,Amazon Web Services Korea LLC 서울,,order to build long-term business... customers. · Contribute to develop long-term partnerships in support... AWS key...
https://kr.indeed.com/viewjob?jk=c4ccd32aaf457b87,Regulatory Affairs Manager,Icon plc 서울,,provide them with opportunities to develop... long term career We are an equal opportunity employer and value diversity...
https://kr.indeed.com/viewjob?jk=76e0bf2282e3b861,외국계은행KYC담당자 채용,은행 서울 중구,,communication skill (speaking and writing) ? Job Type :?Fixed Term Job :?OPERATION PROCESSING Education Level:?Bachelor...
https://kr.indeed.com/viewjob?jk=363862db8b0edc50,Sales Account Manager,Windsor Machine Group 서울,,The Sales Account Manager... responsible for developing long-term relationships with OEM... Tier 1 Automotive suppliers...
https://kr.indeed.com/viewjob?jk=232bf896b3333c2d,Hiring Nationwide - Start Feb or May - P...,Chung Dahm Learning 4.0 대한민국,,class on average) • All contracts... minimum one-year term • E2 sponsorship • housing assistance Requirements...
https://kr.indeed.com/viewjob?jk=ac578ab421e062c8,Head of Emerging Enterprise,Amazon Web Services Korea LLC 서울,,along... core sales organization. • Develop long-term strategic relationships with key accounts. • Ensure customer...
https://kr.indeed.com/viewjob?jk=2ebe6413ad1b9246,[Janssen Vaccines] Associate QC Inspecto...,Johnson & Johnson Family of Companies 4.2 인천,,계열사: 얀센백신 (Janssen Vaccines) 3. 근무지: 인천 송도 4. 근무 기간: Fixed Term 1년 [Summary] 금번 포지션은 ㈜얀센 백신 품질관리팀에서 의약품 분석 업무를 진행할 계약직 사원을...
https://kr.indeed.com/viewjob?jk=6727e4f8e8e86105,"Head of Operations, Korea",Uber 서울,,"problem, digging in deeper where needed, and make smart long-term decisions. Strategic planning. You break down broad..."
https://kr.indeed.com/viewjob?jk=2694361875303da7,INTERN - INFORMATION SYSTEMS & COMMUNICA...,United Nations 인천,,commission of any... acts. The term “sexual exploitation” means any actual... conditions. The term “sexual harassment...
https://kr.indeed.com/viewjob?jk=42faf8cfce51c82e,외국계은행 FI RM 채용,외국계은행 서울 중구,,"Executes each credit transactions, Bilateral Term loan, Syndicated or Club Term Loan, Private or Public Samurai Bond, FRN..."
https://kr.indeed.com/viewjob?jk=5c4fdacbe365bcaa,Senior Clinical Territory Account Manage...,Illumina 서울,,long-term profitable customer accounts through relationship building sales techniques. Develop short and long term clinical...
https://kr.indeed.com/viewjob?jk=d5d979fb7cc6596e,"Strategic Partner Development Manager, A...",Google 4.3 서울,,"through monetization solutions, to helping our long-term partners anticipate and navigate change in a way that delivers..."
https://kr.indeed.com/viewjob?jk=015ab75b462fa703,INTERN - GRAPHIC DESIGN [Temporary],United Nations 인천,,commission of any... acts. The term “sexual exploitation” means any actual... conditions. The term “sexual harassment...
https://kr.indeed.com/viewjob?jk=5ad2ea0313301e31,New Business Developer,Glass Substrates for TFT-LCDs 대한민국,,development of technology and capabilities to support the long term needs... business -Collaborate... business unit...
https://kr.indeed.com/viewjob?jk=d724d7b132b1de66,"Senior Account Manager, Samsung - Amazon...",Amazon Web Services Korea LLC 서울,,Manage and support customer interactions · Develop long-term strategic relationships with key accounts. · Ensure customer...
https://kr.indeed.com/viewjob?jk=1c2eb998d2e0b700,[부산정상어학원] 3월학기 초중등(문법+내신) 영어선생님,(주)정상에듀 부산 북구,"월급 2,000,000원","동종업계 경력자, 영어가능자 근무요일 월~금 근무시간 월수금(1-10시) 화목(3-10시), (토요출근 2개월term) 근무기간 1년이상 급여 평균 연봉 2,400~3,000수준 [퇴직금 별도지급, 특강 성과급별도지급] 지원..."
https://kr.indeed.com/viewjob?jk=96aac41bdafc1b3e,분석 & 이코노미 팀장 / Analytics & Economy Team...,Bagelcode 서울,,game experience. Design new features that improve long-term player satisfaction and provide more monetization opportunities...
https://kr.indeed.com/viewjob?jk=51b01ccc49d7488e,Theme Park Business Developer,Theme Park N Attractions 경기도 용인,,"multi-national amusement/theme park companies Contract Term: 2yrs, but renewable. Compensation: Very competitive (Negotiable..."
https://kr.indeed.com/viewjob?jk=f7ac342b891fedef,외대어학원영어강사 충원(면접시교통비지급),(주)대구외대어연 대구 북구,"연봉 24,000,000원","있습니다. 휴 가: 여름휴가, 겨울휴가가 주말 포함 각각 5일정도 제공됩니다. 주중휴가: 수요일 기준 Mid-Term, Final Test 기간을 이용하여 연차별로 휴가가 제공 될 수 있습니다. 연차휴가: 장기근무자에게..."
https://kr.indeed.com/viewjob?jk=1ab642fb70a3a628,MPP (Metal Packaging Product) Technical...,Applied Materials Inc. 경기도 화성,,"shipments, resolution of critical long-term customer issues with upper management... identify long term technical issues..."
https://kr.indeed.com/viewjob?jk=5f4203721fc83124,Project Director,Maxim Recruitment 서울,,"selected candidate is initially appointed... certain amount of term (a few month) in Seoul Office, however... event..."
https://kr.indeed.com/viewjob?jk=211bddf00ee5971c,Board Of Director Member @ Harvard Innov...,Ignite Mental Health 서울,,via video conference call. Board term Board Members will serve a one (1) year term... eligible for re-appointment...
https://kr.indeed.com/viewjob?jk=ed357803ea234608,"[해외취업] 중국, 百威英博(大连)啤酒有限公司, 자금전문가",百威英博(大连)啤酒有限公司 대한민국,,"DAG, Policy, SOX, ZBB Guideline, Petty Cash, CCMS, Payment Term, Call Back compliance check and follow up - Daily opreation..."
https://kr.indeed.com/viewjob?jk=409cc25563c9082e,외국계은행 cash Management 채용,은행 대전 중구,,[담당업무] - Cash Management e-banking non-STP payments - Term deposit placement & settlement - Cash internal & external...
https://kr.indeed.com/viewjob?jk=f0fcff73151fc4dd,"Sales Manager, Genetic Sciences & Clinic...",Thermo Fisher Scientific 3.5 서울,,team leadership. Take lead to develop creative long-term and short-term sales strategies. Demonstrate strong analytical...
https://kr.indeed.com/viewjob?jk=e61f9fb723c705b2,Enterprise Business Development Manager...,Amazon Web Services Korea LLC 서울,,"Develop long-term strategic partnerships... new customers. · Able to generate long-term, mega opportunity generation with AM..."
https://kr.indeed.com/viewjob?jk=2fb23b73423d4dd2,외국계은행 FI RM Head 채용,외국계은행 서울 중구,,all documentation: reviewing and executing bilateral term loan agreement and etc. - Monitors each credit... transaction...
https://kr.indeed.com/viewjob?jk=d5c3289d7b2b10a1,"Principal, Product Owner (Coupang Media...",Coupang 3.0 서울,,"responsible for defining product vision, short and long-term strategy, and roadmap... advertising business has grown..."
https://kr.indeed.com/viewjob?jk=4539711de5257a08,외대어학원 초중등부 영어강사(면접시 교통비지급),주식회사 대구외대어연 대구 북구,"연봉 24,000,000원","있습니다. 휴 가: 여름휴가, 겨울휴가가 주말 포함 각각 5일정도 제공됩니다. 주중휴가: 수요일 기준 Mid-Term, Final Test 기간을 이용하여 연차별로 휴가가 제공 될 수 있습니다. 연차휴가: 장기근무자에게..."
https://kr.indeed.com/viewjob?jk=21a706a024917181,Senior Scientist,Merck KGaA 인천,,propagates the company’s competitive advantages and long term vision Highly independent on a technical level... good...
https://kr.indeed.com/viewjob?jk=c8c1170d9223bb41,"Partner Enterprise Service Manager, AWS...",Amazon Web Services Korea LLC 서울,,develop a long term Professional Services... someone who is passionate about: · Long term development of Global Organizations...
https://kr.indeed.com/viewjob?jk=7faa1c26d8250223,Commercialisation Manager,Fircroft 서울,,sourcing/production strategy: * Short-term hydrogen sourcing strategy * Long-Term hydrogen production/sourcing strategy...
https://kr.indeed.com/viewjob?jk=43bf0c7e2b10e9b5,Operations Manager (운영팀장) - 한국,Beam 서울,,highly adaptable candidate who is able to switch between long-term strategic initiatives one moment and pivot into rapid...
https://kr.indeed.com/viewjob?jk=4e442f437fbee625,"3월학기 영어강사 (내국인, 교포급)",(주)정상에듀 부산 북구,"연봉 25,000,000원","14:30~22:00) 화목(15:00~22:00) 실제근무시간 (16:30~22:00), 토요일 2달 term으로 보강근무(11:00~15:00) 근무기간 : 1년이상 근무시작일 : 2020년 3월 2일부터 급여 : 연봉..."
https://kr.indeed.com/viewjob?jk=281acfebb60e32d6,"[해외취업] 카타르, Qatar National Bank, Special...",Qatar National Bank 대한민국,,difficulty 주요업무내용 Assist the Head of GFS & MIS to create long-term financial strategies to maximize shareholder value whilst...
https://kr.indeed.com/viewjob?jk=1b891ce54e2a4e1a,Senior Principal Account Management (Fas...,Coupang 3.0 서울,,core sales organization. * One who can develop long-term strategic relationships with key accounts. * One who can ensure...
https://kr.indeed.com/viewjob?jk=ea0c2fd84510e26c,Sales Engineer and Area Manager for Kore...,Opto Engineering 서울,,등) 사이의 인터페이스 역할 Your responsibilities: build and develop long-term relationships with customers within a defined sales area...
https://kr.indeed.com/viewjob?jk=b95b1c556c671765,School Development Manager EF Internatio...,EF Education First 서울,,brand awareness and facilitate long-term relationships with academic institutions... execute long term sales strategy...
https://kr.indeed.com/viewjob?jk=699627b39b437be3,"Account Executive, Database",Amazon Web Services Korea LLC 서울,,referrals and references accounts by building long-term strategic relationships with key accounts. · Manage and maintain...
https://kr.indeed.com/viewjob?jk=47a0f22f62d992f3,[부산정상어학원] 영어강사,(주)정상에듀 부산 북구,"월급 2,100,000원","근무요일 월~금 근무시간 13:00 ~ 22:00(월수금), 15:00~22:00(화목) // 토요일( 2달 term 11-3시) 근무기간 1년이상 급여 월급 : 2000000원 ~ 2200000원 접수내용 및 문의 지원..."
https://kr.indeed.com/viewjob?jk=55dbae449417c19d,RAS Power Marketing Analytics Lead for P...,Siemens AG 4.0 서울,,"establish key set of assumptions and develop/maintain a long-term outlook of said power markets, taking into consideration..."
https://kr.indeed.com/viewjob?jk=5df34b9a5d61397d,HR Director,Thermo Fisher - APAC 3.5 서울,,retaining the top talent required for short and long-term business success. Responsibilities: Serve as HR Business Partner...
https://kr.indeed.com/viewjob?jk=061f20c1a8af71f2,Managing Director Korea,eTec Consult 서울,,Administration... sound technical understanding Long-term experience in sales and key account management Good knowledge...
https://kr.indeed.com/viewjob?jk=c5c813a528b420f6,Sales Account Manager,Philips 4.0 서울,,"partners  Works... development... medium term policy for related sub discipline, and processes results into vision..."
https://kr.indeed.com/viewjob?jk=023f99d4bf0cf583,Ecommerce Key Account Manager,LEGO 서울 강남구,,Lead account business plan including short to long-term strategy setting for own-account • Own account KPI management...
https://kr.indeed.com/viewjob?jk=0e4cc0eb60c69a68,Sales Account Manager - Automotive,MathWorks 서울,,"named accounts, and develop and implement short and medium term account plans to realize this potential Make use of all..."
https://kr.indeed.com/viewjob?jk=9dd199c5e1c747c3,Intern - Graphic Design,United Nations ESCAP 인천,,commission of any... acts. The term “sexual exploitation” means any actual... conditions. The term “sexual harassment...
https://kr.indeed.com/viewjob?jk=b0c2293e83c9f15a,Solutions Architect II - AWS Korea,Amazon Web Services Korea LLC 서울,,managers within your larger organization when discussing mid-term customer strategy and architectural best practices · We...
https://kr.indeed.com/viewjob?jk=8dfa6e3942b7fff8,외대어학원영어강사(면접시교통비지급),(주)대구외대어연 대구 북구,"연봉 24,000,000원","있습니다. 휴 가: 여름휴가, 겨울휴가가 주말 포함 각각 5일정도 제공됩니다. 주중휴가: 수요일 기준 Mid-Term, Final Test 기간을 이용하여 연차별로 휴가가 제공 될 수 있습니다. 연차휴가: 장기근무자에게..."
https://kr.indeed.com/viewjob?jk=9927abd34b52f29e,[Consumer] Occupational Health Nurse,Johnson & Johnson Family of Companies 4.2 충청북도 청주,,열사: 존슨앤드존슨 컨슈머 (Consumer) 3. 근무지: 충청북도 청주시 4. 근무 형태: Fixed Term [담당 업무] 1) J&J 기준에 부합하는 건강관리실 운영 및 임직원 건강 관리/ 증진 활동 2) 업무...
https://kr.indeed.com/viewjob?jk=5df34b9a5d61397d,HR Director,Thermo Fisher - APAC 3.5 서울,,retaining the top talent required for short and long-term business success. Responsibilities: Serve as HR Business Partner...
https://kr.indeed.com/viewjob?jk=c16b7f873570820a,Certification Engineer,Vestas 서울,,"global culture, competitive compensation package and long-term career development. Choose us, choose a brilliant future..."
https://kr.indeed.com/viewjob?jk=a9b9a05cef496906,Operations Support Specialist,JANUS Research Group 경기도 평택,,Program 10 Paid Holidays Paid Time Off (PTO) Short-Term and Long-Term Disability Basic and Voluntary Life Insurance Education...
https://kr.indeed.com/viewjob?jk=25508bf8738adc41,Regional Sales Director,CrowdStrike 대한민국,,development and customer satisfaction. Establish short-term and long-term goals and quotas in line with corporate objectives...
https://kr.indeed.com/viewjob?jk=5f5d6f9fab4fda7e,"Sales Manager, Genetic Sciences & Clinical NGS Division (GSD...",Thermo Fisher - APAC 3.5 서울,,team leadership. Take lead to develop creative long-term and short-term sales strategies. Demonstrate strong analytical...
https://kr.indeed.com/viewjob?jk=930122c5d8155fc3,License Compliance Executive,Autodesk 4.1 서울,,revenue expectation Strategically monitor and review long term goals... program and ensure campaigns are executed within...
https://kr.indeed.com/viewjob?jk=7f8f8e20adf7d6a8,Engineering Program Manager,Apple 서울,,environment. - Preference given to candidates that open to relocation or long term assignment to other Asian country.
https://kr.indeed.com/viewjob?jk=1d4467b4008a3076,tbs eFM Radio(101.3㎒) Part-time Job Open...,서울특별시 5.0 대한민국,,Openings Contract Term (Hours) Hiring... eFM radio broadcast programs... term of contract may be subject to renewal up...
https://kr.indeed.com/viewjob?jk=694287526edfb2ba,"Project Mgr, PCS",Icon plc 서울,,provide them with opportunities to develop... long term career. ICON is an equal opportunity employer - M/F/D/V...
https://kr.indeed.com/viewjob?jk=6772611e495f4b67,BALENCIAGA Retail Assistant,Groupe Kering 서울,,Retail Coordinator (fixed term) Reports... communication skills Job Type Fixed Term (Fixed Term) Start Date 2020-01-14...
https://kr.indeed.com/viewjob?jk=a69a53e41d3ff4b8,한국대표부 민간모금팀 후원자 서비스 업무담당 직원,유엔난민기구 서울 을지로동,,position of PSP Assistant (Donor Retention) in line... long-term growth plan... private sector fundraising program...
https://kr.indeed.com/viewjob?jk=f06e76e5466897ac,"GWS, Facilities Coordinator (사원~대리급)",CBRE Asia Pacific 서울,,"Fluent in English and desire to work... long-term • Knowledge of basic financial terms, concepts and accounting..."
https://kr.indeed.com/viewjob?jk=9d1220313d82dbe0,"Manager, Korean Originals",Netflix 서울,,"creative team to develop projects and assess for long-term viability Work with Finance, Legal, Business Affairs, Product..."
https://kr.indeed.com/viewjob?jk=72281b56e2b93bbe,HR Director,Thermo Fisher Scientific 3.5 서울,,retaining the top talent required for short and long-term business success. Responsibilities: Serve as HR Business Partner...
https://kr.indeed.com/viewjob?jk=e2a0d72c792f94ec,INTERN - ECONOMIC AFFAIRS [Temporary],United Nations 인천,,commission of any... acts. The term “sexual exploitation” means any actual... conditions. The term “sexual harassment...
https://kr.indeed.com/viewjob?jk=ea7da64451d53d21,District Representative III,Ecolab 대한민국,,"accounts. In addition, you must build long-term relationships... large customer... promote long-term business relationships..."
https://kr.indeed.com/viewjob?jk=05c30633411e39d4,Strategic Alliance Leader,Ciena 서울,,"Ciena? Develop and holistically manage a complex, long-term, multi-dimensional relationship with key strategic alliance..."
https://kr.indeed.com/viewjob?jk=56c015e7c0261433,KERING Retail IT Operations Specialist,Groupe Kering 서울,,Project management qualification is a plus Job Type Fixed Term (Fixed Term) Start Date 2019-11-12 Schedule Full time...
https://kr.indeed.com/viewjob?jk=01618620f92a3135,Lead Sales Representative,Stryker 서울,,"achieve financial goals... business. Develop short-term and long-term marketing strategy, execute marketing plans through..."
https://kr.indeed.com/viewjob?jk=eae0e3cdd066bcce,Sr. Customer Success Manager,Slack 서울,,"like pilot engagements to set up a customer for long term success. Part coach, project manager, consultant and product..."
https://kr.indeed.com/viewjob?jk=a2c1a1c44ecfac6f,Channel Sales Specialist IV,Medtronic 3.9 서울,,Partners with internal stakeholders to set short- and long-term sales channel strategies and evaluates effectiveness...
https://kr.indeed.com/viewjob?jk=4f37f0771b03be96,"Medical Affairs Head, Seoul, Korea",Takeda Pharmaceuticals 서울,,"multiple responsibilities simultaneously, mixing long-term strategic planning... urgency of immediate demands..."
https://kr.indeed.com/viewjob?jk=747613a5aa6d1ab7,Demand Planner,L'Oreal 4.1 서울,,"stocks equation. And exchange... MSL about the long-term issues (capacity, gap between capacity and demand) - Determine..."
https://kr.indeed.com/viewjob?jk=a0f9b794227f26b6,Systems Admin Team Lead,SAIC 서울,,"directs... activities, and evaluates... work. Ensures long-term requirements of systems operations and administration..."
https://kr.indeed.com/viewjob?jk=8207b89d2720213f,Salesforce Developer,IQVIA 서울,,"time, costs and results Define and implement long-term technical architectures / integrations - sustainable - scalable..."
https://kr.indeed.com/viewjob?jk=462a981072ad5f29,Linux Sales Representative,Oracle 3.8 서울,,"exceeding the long term territory revenue... eco-system, Building the basis for long term future success · Team work and team..."
https://kr.indeed.com/viewjob?jk=dbce4e5907cff40e,"Program Manager, Amazon Global Selling",Amazon Services Korea LLC 서울,,"solutions to complex problems. More specifically, the near term focus... Program Manager lies in building mechanisms..."
https://kr.indeed.com/viewjob?jk=c1f1207ee71acfc0,Primary Teacher of Music,Dulwich College Seoul 서울,,fixed term) School Section Teaching mainly in Primary School Hours Full-time Contract Two year fixed term (maternity...
https://kr.indeed.com/viewjob?jk=f27b8765dab973b9,2020 APAC Graduate Programme - Client Se...,BNP Paribas 3.9 서울,,"background checking for authorized signatories. - Corporate Term deposit booking, deposit status monitoring and reporting..."
https://kr.indeed.com/viewjob?jk=7f6294ccc7c7ed78,Respiratory TAP,AstraZeneca 서울,,area is preferred. Essential Qualification Interest in a long-term career... pharmaceutical industry Fluency in English...
https://kr.indeed.com/viewjob?jk=5f6570a891a35a1c,Brand Manager_Malts,Pernod Ricard 서울,,plans and develop activation tools to achieve short-term and long-term objectives. Communicate brand strategies internally...
https://kr.indeed.com/viewjob?jk=1827c3dc8a0d98e6,SAINT LAURENT Sales Associate,Groupe Kering 경기도,,from all qualified candidates. Job Type Fixed Term (Fixed Term) Start Date 2020-01-22 Schedule Full time Organization...
https://kr.indeed.com/viewjob?jk=33dde032b0ef996d,IT SPECIALIST (SYSADMIN),US Department of the Air Force 4.5 대한민국,,hired from CONUS Work will require frequent... long term CONUS or OCONUS travel away from the normal duty station...
https://kr.indeed.com/viewjob?jk=c2d0db96627c0f98,"[Ralph Lauren Korea] FP&A Team, Financia...",Ralph Lauren 서울,,Long Range Plan to achieve company strategic goal in long term view - Frequent communication with business function to drive...
https://kr.indeed.com/viewjob?jk=9046f86eafd667b9,Sr HR Supervisor,OWENS CORNING 대한민국,,"promotions and external recruitment to satisfy near-term performance, longer-term succession needs... insure plant has..."
https://kr.indeed.com/viewjob?jk=882a3eb83a83a3b2,Site Relationship Manager,Bristol-Myers Squibb 4.2 서울,,interface and long-term relationships... development & maintenance of long-term relationships with clinical investigators...
https://kr.indeed.com/viewjob?jk=66ff6a3e901e4db1,Engagement Manager - Seoul,Akamai 서울,,"drive growth by solution adoption, product mix and long-term strategic alignment... Akamai Intelligent Platform..."
https://kr.indeed.com/viewjob?jk=c5413e3403a09f7f,Trade Commissioner - Research and Innova...,주한 퀘벡주정부 대표부 서울 종로구,"연봉 83,465,288원",Vacancy type: Fixed term Term Details: 12 to 16 months term employment Level... employment term is a condition...
https://kr.indeed.com/viewjob?jk=d3fa7a1f6d407726,Intern - Economic Affairs,United Nations ESCAP 인천,,commission of any... acts. The term “sexual exploitation” means any actual... conditions. The term “sexual harassment...
https://kr.indeed.com/viewjob?jk=b729e72776fe91a1,Clinilcal Mdx_Product Specialist,bioMerieux 서울,,"choosing to join an innovative company... long term vision, committed... service of public health and carried out..."
https://kr.indeed.com/viewjob?jk=b728042692458312,Territory Account Manager,Adobe 서울,,teammate capable of balancing pressing short term deliverables with sophisticated long term goals and objectives Experienced...
https://kr.indeed.com/viewjob?jk=099dcc1dca0cec63,Brand Manager_Champagne,Pernod Ricard 서울,,plans and develop activation tools to achieve short-term and long-term objectives. Communicate brand strategies internally...
https://kr.indeed.com/viewjob?jk=bacb1cda828f2483,"Business Development Manager, Korea",World First Asia 서울,,"answer in a short-term view, you keep... sales Have experience in winning long-term contracts with ongoing negotiations..."
https://kr.indeed.com/viewjob?jk=96dd348cf3459893,Senior Financial Analyst,Visa 서울,,term financial targets and long-term... directly influence both near-term and long-term strategic decisions through...
https://kr.indeed.com/viewjob?jk=d43c5957c41473ae,Marketing Coordinator,Harman International 서울,,What You Will Do Establishing and executing an long/short-term online / offline marketing plan based on ROI achievement...
https://kr.indeed.com/viewjob?jk=6feee27990e38a7a,Technical Service Intern ‏ (Electronic),Henkel AG 서울,,"채용시 마감 JOB ID: 200000C0 Contract & Job type: Full Time, Limited Term Contact information for application-related questions..."
https://kr.indeed.com/viewjob?jk=44bb0fe7c49309f7,Associate Regional SC Planner 1,Amway Inc. 부산광역시,,"broader view; demonstrates an understanding... long-term, ""big picture"" view of needs and opportunities Managing multiple..."
https://kr.indeed.com/viewjob?jk=005f403af1bb1a30,"Agency Team Manager, Google Customer Sol...",Google 4.3 서울,,stakeholders. Build and actively manage effective long-term agency planning process. Help develop necessary infrastructure...
https://kr.indeed.com/viewjob?jk=2615f45e6f912c05,"Customer Solutions Engineer, Global Clie...",Google 4.3 서울,,customers attain... business goals while building long-term capabilities... Global Client and Agency Solutions (GCAS...
https://kr.indeed.com/viewjob?jk=932581a5e29a3adf,Sales representative,Berga Recycling 서울,,support... Inside sales department. - Build long term business relationship with existing and potential accounts...
https://kr.indeed.com/viewjob?jk=01343e50043fbd3b,tbs eFM Radio(101.3㎒) Part-time Job Open...,서울특별시 5.0 대한민국,,Openings Contract Term (Hours) Hiring... eFM radio broadcast programs... term of contract may be subject to renewal up...
https://kr.indeed.com/viewjob?jk=3f9d89546a2d2e6d,Consulting Engineer,Cisco Systems 4.1 서울,,"become a trusted advisor, capable of building solid, long-term relationships with customers. You... expected..."
